{
  "session_info": {
    "timestamp": "20250828_091334",
    "model_type": "hrnet",
    "camera_type": "realsense",
    "video_source": "camera",
    "frame_dimensions": [
      640,
      480
    ],
    "depth_scale": 0.0010000000474974513,
    "total_frames": 100
  },
  "frame_statistics": {
    "total_frames": 100,
    "valid_frames": 100,
    "detection_rate": 1.0,
    "avg_confidence": 1.0
  },
  "limb_statistics": {
    "left_upper_arm": {
      "avg": 19.911478120854344,
      "std": 2.9861361922318843,
      "min": 16.138309491630814,
      "max": 26.327512265236663,
      "count": 100
    },
    "right_lower_arm": {
      "avg": 26.870145436785446,
      "std": 9.56217855065771,
      "min": 16.597614006604477,
      "max": 44.450690413708834,
      "count": 100
    },
    "left_upper_leg": {
      "avg": 23.070027006706855,
      "std": 1.4618635921122325,
      "min": 17.39008764662131,
      "max": 24.8437085652178,
      "count": 100
    },
    "right_upper_arm": {
      "avg": 17.91991640034777,
      "std": 0.7582182252253805,
      "min": 15.963228094076248,
      "max": 19.553274276750052,
      "count": 100
    },
    "right_lower_leg": {
      "avg": 23.0882586131469,
      "std": 0.8152694302367768,
      "min": 19.576076434906614,
      "max": 24.88162002275617,
      "count": 100
    },
    "left_lower_leg": {
      "avg": 23.01254254229576,
      "std": 1.5071824398334377,
      "min": 19.84536598857814,
      "max": 28.039404313315863,
      "count": 100
    },
    "left_lower_arm": {
      "avg": 17.680926186252403,
      "std": 1.9010030654130157,
      "min": 12.704645109497687,
      "max": 21.422847823539325,
      "count": 100
    },
    "right_upper_leg": {
      "avg": 22.47771713824355,
      "std": 2.0124885104504613,
      "min": 15.27696594971527,
      "max": 24.06930409063691,
      "count": 100
    }
  }
}