{
  "session_info": {
    "timestamp": "20250828_091227",
    "model_type": "hrnet",
    "camera_type": "realsense",
    "video_source": "camera",
    "frame_dimensions": [
      640,
      480
    ],
    "depth_scale": 0.0010000000474974513,
    "total_frames": 76
  },
  "frame_statistics": {
    "total_frames": 76,
    "valid_frames": 76,
    "detection_rate": 1.0,
    "avg_confidence": 1.0
  },
  "limb_statistics": {
    "right_upper_arm": {
      "avg": 23.262860853825657,
      "std": 4.925674233479532,
      "min": 17.42782352015139,
      "max": 29.738398754057098,
      "count": 76
    },
    "left_upper_arm": {
      "avg": 17.015135989710316,
      "std": 0.2899423249077369,
      "min": 16.521628725260268,
      "max": 17.352856547851633,
      "count": 76
    },
    "right_lower_leg": {
      "avg": 13.681986941714518,
      "std": 9.12691519358958,
      "min": 3.428659277322729,
      "max": 25.82171759233106,
      "count": 76
    },
    "right_upper_leg": {
      "avg": 18.071519504172812,
      "std": 3.3086254400635644,
      "min": 14.216201734431783,
      "max": 23.20272693481923,
      "count": 76
    },
    "left_upper_leg": {
      "avg": 21.784899478270724,
      "std": 2.845029960289491,
      "min": 14.842201956802661,
      "max": 24.747467098554747,
      "count": 54
    },
    "right_lower_arm": {
      "avg": 20.133697130036243,
      "std": 1.9253256209018614,
      "min": 16.1244420866742,
      "max": 22.976825646818213,
      "count": 76
    },
    "left_lower_leg": {
      "avg": 18.298371049820926,
      "std": 6.255161054509739,
      "min": 4.731247448446388,
      "max": 24.587650147004027,
      "count": 54
    },
    "left_lower_arm": {
      "avg": 16.2106591154734,
      "std": 0.9044368009023369,
      "min": 15.092666853156144,
      "max": 18.704179575801923,
      "count": 76
    }
  }
}